{
  "material": 21.010000000000012,
  "position": 21.010000000000012,
  "mobility": 20.110000000000017
}